{"cameraMode":{"drawMode":0,"name":"Shaded","section":"Shading Mode"},"sceneLighting":false,"audioPlay":false,"sceneViewState":{"m_AlwaysRefresh":false,"showFog":true,"showSkybox":true,"showFlares":true,"showImageEffects":true,"showParticleSystems":true,"showVisualEffectGraphs":true,"m_FxEnabled":true},"in2DMode":false,"pivot":{"x":-1.3103222846984864,"y":-1.3684866428375245,"z":1.1285710334777833},"rotation":{"x":0.1504637598991394,"y":-0.46028098464012148,"z":0.07948506623506546,"w":0.8713148832321167},"size":11.481149673461914,"orthographic":true}