{"cameraMode":{"drawMode":0,"name":"Shaded","section":"Shading Mode"},"sceneLighting":false,"audioPlay":false,"sceneViewState":{"m_AlwaysRefresh":false,"showFog":true,"showSkybox":true,"showFlares":true,"showImageEffects":true,"showParticleSystems":true,"showVisualEffectGraphs":true,"m_FxEnabled":true},"in2DMode":false,"pivot":{"x":3.2636327743530275,"y":0.8138419389724731,"z":0.7167346477508545},"rotation":{"x":0.19641724228858949,"y":0.2653627395629883,"z":-0.055312950164079669,"w":0.9423080682754517},"size":7.867156982421875,"orthographic":false}